first_name,last_name,phone1,phone2,email
James,Butt,504-621-8927,504-845-1427,jbutt@gmail.com
Josephine,Darakjy,810-292-9388,810-374-9840,josephine_darakjy@darakjy.org
Art,Venere,856-636-8749,856-264-4130,art@venere.org
Lenna,Paprocki,907-385-4412,907-921-2010,lpaprocki@hotmail.com
Donette,Foller,513-570-1893,513-549-4561,donette.foller@cox.net
Simona,Morasca,419-503-2484,419-800-6759,simona@morasca.com
Mitsue,Tollner,773-573-6914,773-924-8565,mitsue_tollner@yahoo.com
Leota,Dilliard,408-752-3500,408-813-1105,leota@hotmail.com
Sage,Wieser,605-414-2147,605-794-4895,sage_wieser@cox.net
Kris,Marrier,410-655-8723,410-804-4694,kris@gmail.com
Minna,Amigon,215-874-1229,215-422-8694,minna_amigon@yahoo.com
Abel,Maclead,631-335-3414,631-677-3675,amaclead@gmail.com
Kiley,Caldarera,310-498-5651,310-254-3084,kiley.caldarera@aol.com
Graciela,Ruta,440-780-8425,440-579-7763,gruta@cox.net
Cammy,Albares,956-537-6195,956-841-7216,calbares@gmail.com
Mattie,Poquette,602-277-4385,602-953-6360,mattie@aol.com
Meaghan,Garufi,931-313-9635,931-235-7959,meaghan@hotmail.com
Gladys,Rim,414-661-9598,414-377-2880,gladys.rim@rim.org
Yuki,Whobrey,313-288-7937,313-341-4470,yuki_whobrey@aol.com
Fletcher,Flosi,815-828-2147,815-426-5657,fletcher.flosi@yahoo.com
Bette,Nicka,610-545-3615,610-492-4643,bette_nicka@cox.net
Veronika,Inouye,408-540-1785,408-813-4592,vinouye@aol.com
Willard,Kolmetz,972-303-9197,972-896-4882,willard@hotmail.com
Maryann,Royster,518-966-7987,518-448-8982,mroyster@royster.com
Alisha,Slusarski,732-658-3154,732-635-3453,alisha@slusarski.com
Allene,Iturbide,715-662-6764,715-530-9863,allene_iturbide@cox.net
Chanel,Caudy,913-388-2079,913-899-1103,chanel.caudy@caudy.org
Ezekiel,Chui,410-669-1642,410-235-8738,ezekiel@chui.com
Willow,Kusko,212-582-4976,212-934-5167,wkusko@yahoo.com
Bernardo,Figeroa,936-336-3951,936-597-3614,bfigeroa@aol.com
Ammie,Corrio,614-801-9788,614-648-3265,ammie@corrio.com
Francine,Vocelka,505-977-3911,505-335-5293,francine_vocelka@vocelka.com
Ernie,Stenseth,201-709-6245,201-387-9093,ernie_stenseth@aol.com
Albina,Glick,732-924-7882,732-782-6701,albina@glick.com
Alishia,Sergi,212-860-1579,212-753-2740,asergi@gmail.com
Solange,Shinko,504-979-9175,504-265-8174,solange@shinko.com
Jose,Stockham,212-675-8570,212-569-4233,jose@yahoo.com
Rozella,Ostrosky,805-832-6163,805-609-1531,rozella.ostrosky@ostrosky.com
Valentine,Gillian,210-812-9597,210-300-6244,valentine_gillian@gmail.com
Kati,Rulapaugh,785-463-7829,785-219-7724,kati.rulapaugh@hotmail.com
Youlanda,Schemmer,541-548-8197,541-993-2611,youlanda@aol.com
Dyan,Oldroyd,913-413-4604,913-645-8918,doldroyd@aol.com
Roxane,Campain,907-231-4722,907-335-6568,roxane@hotmail.com
Lavera,Perin,305-606-7291,305-995-2078,lperin@perin.org
Erick,Ferencz,907-741-1044,907-227-6777,erick.ferencz@aol.com
Fatima,Saylors,952-768-2416,952-479-2375,fsaylors@saylors.org
Jina,Briddick,617-399-5124,617-997-5771,jina_briddick@briddick.com
Kanisha,Waycott,323-453-2780,323-315-7314,kanisha_waycott@yahoo.com
Emerson,Bowley,608-336-7444,608-658-7940,emerson.bowley@bowley.org
Blair,Malet,215-907-9111,215-794-4519,bmalet@yahoo.com
Brock,Bolognia,212-402-9216,212-617-5063,bbolognia@yahoo.com
Lorrie,Nestle,931-875-6644,931-303-6041,lnestle@hotmail.com
Sabra,Uyetake,803-925-5213,803-681-3678,sabra@uyetake.org
Marjory,Mastella,610-814-5533,610-379-7125,mmastella@mastella.com
Karl,Klonowski,908-877-6135,908-470-4661,karl_klonowski@yahoo.com
Tonette,Wenner,516-968-6051,516-333-4861,twenner@aol.com
Amber,Monarrez,215-934-8655,215-329-6386,amber_monarrez@monarrez.org
Shenika,Seewald,818-423-4007,818-749-8650,shenika@gmail.com
Delmy,Ahle,401-458-2547,401-559-8961,delmy.ahle@hotmail.com
Deeanna,Juhas,215-211-9589,215-417-9563,deeanna_juhas@gmail.com
Blondell,Pugh,401-960-8259,401-300-8122,bpugh@aol.com
Jamal,Vanausdal,732-234-1546,732-904-2931,jamal@vanausdal.org
Cecily,Hollack,512-486-3817,512-861-3814,cecily@hollack.org
Carmelina,Lindall,303-724-7371,303-874-5160,carmelina_lindall@lindall.com
Maurine,Yglesias,414-748-1374,414-573-7719,maurine_yglesias@yglesias.com
Tawna,Buvens,212-674-9610,212-462-9157,tawna@gmail.com
Penney,Weight,907-797-9628,907-873-2882,penney_weight@aol.com
Elly,Morocco,814-393-5571,814-420-3553,elly_morocco@gmail.com
Ilene,Eroman,410-914-9018,410-937-4543,ilene.eroman@hotmail.com
Vallie,Mondella,208-862-5339,208-737-8439,vmondella@mondella.com
Kallie,Blackwood,415-315-2761,415-604-7609,kallie.blackwood@gmail.com
Johnetta,Abdallah,919-225-9345,919-715-3791,johnetta_abdallah@aol.com
Bobbye,Rhym,650-528-5783,650-811-9032,brhym@rhym.com
Micaela,Rhymes,925-647-3298,925-522-7798,micaela_rhymes@gmail.com
Tamar,Hoogland,740-343-8575,740-526-5410,tamar@hotmail.com
Moon,Parlato,585-866-8313,585-498-4278,moon@yahoo.com
Laurel,Reitler,410-520-4832,410-957-6903,laurel_reitler@reitler.com
Delisa,Crupi,973-354-2040,973-847-9611,delisa.crupi@crupi.com
Viva,Toelkes,773-446-5569,773-352-3437,viva.toelkes@gmail.com
Elza,Lipke,973-927-3447,973-796-3667,elza@yahoo.com
Devorah,Chickering,505-975-8559,505-950-1763,devorah@hotmail.com
Timothy,Mulqueen,718-332-6527,718-654-7063,timothy_mulqueen@mulqueen.org
Arlette,Honeywell,904-775-4480,904-514-9918,ahoneywell@honeywell.com
Dominque,Dickerson,510-993-3758,510-901-7640,dominque.dickerson@dickerson.org
Lettie,Isenhower,216-657-7668,216-733-8494,lettie_isenhower@yahoo.com
Myra,Munns,817-914-7518,817-451-3518,mmunns@cox.net
Stephaine,Barfield,310-774-7643,310-968-1219,stephaine@barfield.com
Lai,Gato,847-728-7286,847-957-4614,lai.gato@gato.org
Stephen,Emigh,330-537-5358,330-700-2312,stephen_emigh@hotmail.com
Tyra,Shields,215-255-1641,215-228-8264,tshields@gmail.com
Tammara,Wardrip,650-803-1936,650-216-5075,twardrip@cox.net
Cory,Gibes,626-572-1096,626-696-2777,cory.gibes@gmail.com
Danica,Bruschke,254-782-8569,254-205-1422,danica_bruschke@gmail.com
Wilda,Giguere,907-870-5536,907-914-9482,wilda@cox.net
Elvera,Benimadho,408-703-8505,408-440-8447,elvera.benimadho@cox.net
Carma,Vanheusen,510-503-7169,510-452-4835,carma@cox.net
Malinda,Hochard,317-722-5066,317-472-2412,malinda.hochard@yahoo.com
Natalie,Fern,307-704-8713,307-279-3793,natalie.fern@hotmail.com
Lisha,Centini,703-235-3937,703-475-7568,lisha@centini.org
Arlene,Klusman,504-710-5840,504-946-1807,arlene_klusman@gmail.com
Alease,Buemi,303-301-4946,303-521-9860,alease@buemi.com
Louisa,Cronauer,510-828-7047,510-472-7758,louisa@cronauer.com
Angella,Cetta,808-892-7943,808-475-2310,angella.cetta@hotmail.com
Cyndy,Goldammer,952-334-9408,952-938-9457,cgoldammer@cox.net
Rosio,Cork,336-243-5659,336-497-4407,rosio.cork@gmail.com
Celeste,Korando,516-509-2347,516-365-7266,ckorando@hotmail.com
Twana,Felger,503-939-3153,503-909-7167,twana.felger@felger.org
Estrella,Samu,608-976-7199,608-942-8836,estrella@aol.com
Donte,Kines,508-429-8576,508-843-1426,dkines@hotmail.com
Tiffiny,Steffensmeier,305-385-9695,305-304-6573,tiffiny_steffensmeier@cox.net
Edna,Miceli,814-460-2655,814-299-2877,emiceli@miceli.org
Sue,Kownacki,972-666-3413,972-742-4000,sue@aol.com
Jesusa,Shin,931-273-8709,931-739-1551,jshin@shin.com
Rolland,Francescon,973-649-2922,973-284-4048,rolland@cox.net
Pamella,Schmierer,305-420-8970,305-575-8481,pamella.schmierer@schmierer.org
Glory,Kulzer,410-224-9462,410-916-8015,gkulzer@kulzer.org
Shawna,Palaspas,805-275-3566,805-638-6617,shawna_palaspas@palaspas.org
Brandon,Callaro,808-215-6832,808-240-5168,brandon_callaro@hotmail.com
Scarlet,Cartan,229-735-3378,229-365-9658,scarlet.cartan@yahoo.com
Oretha,Menter,617-418-5043,617-697-6024,oretha_menter@yahoo.com
Ty,Smith,201-672-1553,201-995-3149,tsmith@aol.com
Xuan,Rochin,650-933-5072,650-247-2625,xuan@gmail.com
Lindsey,Dilello,909-639-9887,909-589-1693,lindsey.dilello@hotmail.com
Devora,Perez,510-955-3016,510-755-9274,devora_perez@perez.org
Herman,Demesa,518-497-2940,518-931-7852,hdemesa@cox.net
Rory,Papasergi,570-867-7489,570-469-8401,rpapasergi@cox.net
Talia,Riopelle,973-245-2133,973-818-9788,talia_riopelle@aol.com
Van,Shire,908-409-2890,908-448-1209,van.shire@shire.com
Lucina,Lary,321-749-4981,321-632-4668,lucina_lary@cox.net
Bok,Isaacs,718-809-3762,718-478-8568,bok.isaacs@aol.com
Rolande,Spickerman,808-315-3077,808-526-5863,rolande.spickerman@spickerman.com
Howard,Paulas,303-623-4241,303-692-3118,hpaulas@gmail.com
Kimbery,Madarang,973-310-1634,973-225-6259,kimbery_madarang@cox.net
Thurman,Manno,609-524-3586,609-234-8376,thurman.manno@yahoo.com
Becky,Mirafuentes,908-877-8409,908-426-8272,becky.mirafuentes@mirafuentes.com
Beatriz,Corrington,508-584-4279,508-315-3867,beatriz@yahoo.com
Marti,Maybury,773-775-4522,773-539-1058,marti.maybury@yahoo.com
Nieves,Gotter,503-527-5274,503-455-3094,nieves_gotter@gmail.com
Leatha,Hagele,214-339-1809,214-225-5850,lhagele@cox.net
Valentin,Klimek,312-303-5453,312-512-2338,vklimek@klimek.org
Melissa,Wiklund,419-939-3613,419-254-4591,melissa@cox.net
Sheridan,Zane,951-645-3605,951-248-6822,sheridan.zane@zane.com
Bulah,Padilla,254-463-4368,254-816-8417,bulah_padilla@hotmail.com
Audra,Kohnert,615-406-7854,615-448-9249,audra@kohnert.com
Daren,Weirather,414-959-2540,414-838-3151,dweirather@aol.com
Fernanda,Jillson,410-387-5260,410-724-6472,fjillson@aol.com
Gearldine,Gellinger,972-934-6914,972-821-7118,gearldine_gellinger@gellinger.com
Chau,Kitzman,310-560-8022,310-969-7230,chau@gmail.com
Theola,Frey,516-948-5768,516-357-3362,theola_frey@frey.com
Cheryl,Haroldson,609-518-7697,609-263-9243,cheryl@haroldson.org
Laticia,Merced,513-508-7371,513-418-1566,lmerced@gmail.com
Carissa,Batman,541-326-4074,541-801-5717,carissa.batman@yahoo.com
Lezlie,Craghead,919-533-3762,919-885-2453,lezlie.craghead@craghead.org
Ozell,Shealy,212-332-8435,212-880-8865,oshealy@hotmail.com
Arminda,Parvis,602-906-9419,602-277-3025,arminda@parvis.com
Reita,Leto,317-234-1135,317-787-5514,reita.leto@gmail.com
Yolando,Luczki,315-304-4759,315-640-6357,yolando@cox.net
Lizette,Stem,856-487-5412,856-702-3676,lizette.stem@aol.com
Gregoria,Pawlowicz,516-212-1915,516-376-4230,gpawlowicz@yahoo.com
Carin,Deleo,501-308-1040,501-409-6072,cdeleo@deleo.com
Chantell,Maynerich,651-591-2583,651-776-9688,chantell@yahoo.com
Dierdre,Yum,215-325-3042,215-346-4666,dyum@yahoo.com
Larae,Gudroe,985-890-7262,985-261-5783,larae_gudroe@gmail.com
Latrice,Tolfree,631-957-7624,631-998-2102,latrice.tolfree@hotmail.com
Kerry,Theodorov,916-591-3277,916-770-7448,kerry.theodorov@gmail.com
Dorthy,Hidvegi,208-649-2373,208-690-3315,dhidvegi@yahoo.com
Fannie,Lungren,512-587-5746,512-528-9933,fannie.lungren@yahoo.com
Evangelina,Radde,215-964-3284,215-417-5612,evangelina@aol.com
Novella,Degroot,808-477-4775,808-746-1865,novella_degroot@degroot.org
Clay,Hoa,775-501-8109,775-848-9135,choa@hoa.org
Jennifer,Fallick,847-979-9545,847-800-3054,jfallick@yahoo.com
Irma,Wolfgramm,973-545-7355,973-868-8660,irma.wolfgramm@hotmail.com
Eun,Coody,864-256-3620,864-594-4578,eun@yahoo.com
Sylvia,Cousey,410-209-9545,410-863-8263,sylvia_cousey@cousey.org
Nana,Wrinkles,914-855-2115,914-796-3775,nana@aol.com
Layla,Springe,212-260-3151,212-253-7448,layla.springe@cox.net
Joesph,Degonia,510-677-9785,510-942-5916,joesph_degonia@degonia.org
Annabelle,Boord,978-697-6263,978-289-7717,annabelle.boord@cox.net
Stephaine,Vinning,415-767-6596,415-712-9530,stephaine@cox.net
Nelida,Sawchuk,201-971-1638,201-247-8925,nelida@gmail.com
Marguerita,Hiatt,925-634-7158,925-541-8521,marguerita.hiatt@gmail.com
Carmela,Cookey,773-494-4195,773-297-9391,ccookey@cookey.org
Junita,Brideau,973-943-3423,973-582-5469,jbrideau@aol.com
Claribel,Varriano,419-544-4900,419-573-2033,claribel_varriano@cox.net
Benton,Skursky,310-579-2907,310-694-8466,benton.skursky@aol.com
Hillary,Skulski,352-242-2570,352-990-5946,hillary.skulski@aol.com
Merilyn,Bayless,408-758-5015,408-346-2180,merilyn_bayless@cox.net
Teri,Ennaco,570-889-5187,570-355-1665,tennaco@gmail.com
Merlyn,Lawler,201-588-7810,201-858-9960,merlyn_lawler@hotmail.com
Georgene,Montezuma,925-615-5185,925-943-3449,gmontezuma@cox.net
Jettie,Mconnell,908-802-3564,908-602-5258,jmconnell@hotmail.com
Lemuel,Latzke,631-748-6479,631-291-4976,lemuel.latzke@gmail.com
Melodie,Knipp,805-690-1682,805-810-8964,mknipp@gmail.com
Candida,Corbley,908-275-8357,908-943-6103,candida_corbley@hotmail.com
Karan,Karpin,503-940-8327,503-707-5812,karan_karpin@gmail.com
Andra,Scheyer,503-516-2189,503-950-3068,andra@gmail.com
Felicidad,Poullion,856-305-9731,856-828-6021,fpoullion@poullion.com
Belen,Strassner,770-507-8791,770-802-4003,belen_strassner@aol.com
Gracia,Melnyk,904-235-3633,904-627-4341,gracia@melnyk.com
Jolanda,Hanafan,207-458-9196,207-233-6185,jhanafan@gmail.com
Barrett,Toyama,817-765-5781,817-577-6151,barrett.toyama@toyama.org
Helga,Fredicks,716-752-4114,716-854-9845,helga_fredicks@yahoo.com
Ashlyn,Pinilla,305-670-9628,305-857-5489,apinilla@cox.net
Fausto,Agramonte,212-313-1783,212-778-3063,fausto_agramonte@yahoo.com
Ronny,Caiafa,215-605-7570,215-511-3531,ronny.caiafa@caiafa.org
Marge,Limmel,850-430-1663,850-330-8079,marge@gmail.com
Norah,Waymire,415-306-7897,415-874-2984,norah.waymire@gmail.com
Aliza,Baltimore,408-504-3552,408-425-1994,aliza@aol.com
Mozell,Pelkowski,650-947-1215,650-960-1069,mpelkowski@pelkowski.org
Viola,Bitsuie,818-864-4875,818-481-5787,viola@gmail.com
Franklyn,Emard,215-558-8189,215-483-3003,femard@emard.com
Willodean,Konopacki,337-253-8384,337-774-7564,willodean_konopacki@konopacki.org
Beckie,Silvestrini,313-533-4884,313-390-7855,beckie.silvestrini@silvestrini.com
Rebecka,Gesick,512-213-8574,512-693-8345,rgesick@gesick.org
Frederica,Blunk,214-428-2285,214-529-1949,frederica_blunk@gmail.com
Glen,Bartolet,206-697-5796,206-389-1482,glen_bartolet@hotmail.com
Freeman,Gochal,610-476-3501,610-752-2683,freeman_gochal@aol.com
Vincent,Meinerding,215-372-1718,215-829-4221,vincent.meinerding@hotmail.com
Rima,Bevelacqua,310-858-5079,310-499-4200,rima@cox.net
Glendora,Sarbacher,707-653-8214,707-881-3154,gsarbacher@gmail.com
Avery,Steier,407-808-9439,407-945-8566,avery@cox.net
Cristy,Lother,760-971-4322,760-465-4762,cristy@lother.com
Nicolette,Brossart,508-837-9230,508-504-6388,nicolette_brossart@brossart.com
Tracey,Modzelewski,936-264-9294,936-988-8171,tracey@hotmail.com
Virgina,Tegarden,414-214-8697,414-411-5744,virgina_tegarden@tegarden.com
Tiera,Frankel,626-636-4117,626-638-4241,tfrankel@aol.com
Alaine,Bergesen,914-300-9193,914-654-1426,alaine_bergesen@cox.net
Earleen,Mai,214-289-1973,214-785-6750,earleen_mai@cox.net
Leonida,Gobern,228-235-5615,228-432-4635,leonida@gobern.org
Ressie,Auffrey,305-604-8981,305-287-4743,ressie.auffrey@yahoo.com
Justine,Mugnolo,212-304-9225,212-311-6377,jmugnolo@yahoo.com
Eladia,Saulter,201-474-4924,201-365-8698,eladia@saulter.com
Chaya,Malvin,734-928-5182,734-408-8174,chaya@malvin.com
Gwenn,Suffield,631-258-6558,631-295-9879,gwenn_suffield@suffield.org
Salena,Karpel,330-791-8557,330-618-2579,skarpel@cox.net
Yoko,Fishburne,203-506-4706,203-840-8634,yoko@fishburne.com
Taryn,Moyd,703-322-4041,703-938-7939,taryn.moyd@hotmail.com
Katina,Polidori,978-626-2978,978-679-7429,katina_polidori@aol.com
Rickie,Plumer,419-693-1334,419-313-5571,rickie.plumer@aol.com
Alex,Loader,253-660-7821,253-875-9222,alex@loader.com
Lashon,Vizarro,916-741-7884,916-289-4526,lashon@aol.com
Lauran,Burnard,307-342-7795,307-453-7589,lburnard@burnard.com
Ceola,Setter,207-627-7565,207-297-5029,ceola.setter@setter.org
My,Rantanen,215-491-5633,215-647-2158,my@hotmail.com
Lorrine,Worlds,813-769-2939,813-863-6467,lorrine.worlds@worlds.com
Peggie,Sturiale,619-608-1763,619-695-8086,peggie@cox.net
Marvel,Raymo,979-718-8968,979-809-5770,mraymo@yahoo.com
Daron,Dinos,847-233-3075,847-265-6609,daron_dinos@cox.net
An,Fritz,609-228-5265,609-854-7156,an_fritz@hotmail.com
Portia,Stimmel,908-722-7128,908-670-4712,portia.stimmel@aol.com
Rhea,Aredondo,718-560-9537,718-280-4183,rhea_aredondo@cox.net
Benedict,Sama,314-787-1588,314-858-4832,bsama@cox.net
Alyce,Arias,209-317-1801,209-242-7022,alyce@arias.org
Heike,Berganza,973-936-5095,973-822-8827,heike@gmail.com
Carey,Dopico,317-578-2453,317-441-5848,carey_dopico@dopico.org
Dottie,Hellickson,206-540-6076,206-295-5631,dottie@hellickson.org
Deandrea,Hughey,336-822-7652,336-467-3095,deandrea@yahoo.com
Kimberlie,Duenas,785-629-8542,785-616-1685,kimberlie_duenas@yahoo.com
Martina,Staback,407-471-6908,407-429-2145,martina_staback@staback.com
Skye,Fillingim,612-508-2655,612-664-6304,skye_fillingim@yahoo.com
Jade,Farrar,803-352-5387,803-975-3405,jade.farrar@yahoo.com
Charlene,Hamilton,707-300-1771,707-821-8037,charlene.hamilton@hotmail.com
Geoffrey,Acey,847-222-1734,847-556-2909,geoffrey@gmail.com
Stevie,Westerbeck,949-867-4077,949-903-3898,stevie.westerbeck@yahoo.com
Pamella,Fortino,303-404-2210,303-794-1341,pamella@fortino.com
Harrison,Haufler,203-801-6193,203-801-8497,hhaufler@hotmail.com
Johnna,Engelberg,425-986-7573,425-700-3751,jengelberg@engelberg.org
Buddy,Cloney,440-989-5826,440-327-2093,buddy.cloney@yahoo.com
Dalene,Riden,603-315-6839,603-745-7497,dalene.riden@aol.com
Jerry,Zurcher,321-518-5938,321-597-2159,jzurcher@zurcher.org
Haydee,Denooyer,212-792-8658,212-782-3493,hdenooyer@denooyer.org
Joseph,Cryer,714-584-2237,714-698-2170,joseph_cryer@cox.net
Deonna,Kippley,248-913-4677,248-793-4966,deonna_kippley@hotmail.com
Raymon,Calvaresi,317-825-4724,317-342-1532,raymon.calvaresi@gmail.com
Alecia,Bubash,940-276-7922,940-302-3036,alecia@aol.com
Ma,Layous,203-721-3388,203-564-1543,mlayous@hotmail.com
Detra,Coyier,410-739-9277,410-259-2118,detra@aol.com
Terrilyn,Rodeigues,504-463-4384,504-635-8518,terrilyn.rodeigues@cox.net
Salome,Lacovara,804-550-5097,804-858-1011,slacovara@gmail.com
Garry,Keetch,215-979-8776,215-846-9046,garry_keetch@hotmail.com
Matthew,Neither,952-651-7597,952-906-4597,mneither@yahoo.com
Theodora,Restrepo,305-936-8226,305-573-1085,theodora.restrepo@restrepo.com
Noah,Kalafatis,414-263-5287,414-660-9766,noah.kalafatis@aol.com
Carmen,Sweigard,732-941-2621,732-445-6940,csweigard@sweigard.com
Lavonda,Hengel,701-898-2154,701-421-7080,lavonda@cox.net
Junita,Stoltzman,775-638-9963,775-578-1214,junita@aol.com
Herminia,Nicolozakes,602-954-5141,602-304-6433,herminia@nicolozakes.org
Casie,Good,615-390-2251,615-825-4297,casie.good@aol.com
Reena,Maisto,410-351-1863,410-951-2667,reena@hotmail.com
Mirta,Mallett,212-870-1286,212-745-6948,mirta_mallett@gmail.com
Cathrine,Pontoriero,806-703-1435,806-558-5848,cathrine.pontoriero@pontoriero.com
Filiberto,Tawil,323-765-2528,323-842-8226,ftawil@hotmail.com
Raul,Upthegrove,619-509-5282,619-666-4765,rupthegrove@yahoo.com
Sarah,Candlish,770-732-1194,770-531-2842,sarah.candlish@gmail.com
Lucy,Treston,508-769-5250,508-502-5634,lucy@cox.net
Judy,Aquas,269-756-7222,269-431-9464,jaquas@aquas.com
Yvonne,Tjepkema,973-714-1721,973-976-8627,yvonne.tjepkema@hotmail.com
Kayleigh,Lace,337-740-9323,337-751-2326,kayleigh.lace@yahoo.com
Felix,Hirpara,717-491-5643,717-583-1497,felix_hirpara@cox.net
Tresa,Sweely,314-359-9566,314-231-3514,tresa_sweely@hotmail.com
Kristeen,Turinetti,817-213-8851,817-947-9480,kristeen@gmail.com
Jenelle,Regusters,813-932-8715,813-357-7296,jregusters@regusters.com
Renea,Monterrubio,770-679-4752,770-930-9967,renea@hotmail.com
Olive,Matuszak,760-938-6069,760-745-2649,olive@aol.com
Ligia,Reiber,517-906-1108,517-747-7664,lreiber@cox.net
Christiane,Eschberger,602-390-4944,602-330-6894,christiane.eschberger@yahoo.com
Goldie,Schirpke,207-295-7569,207-748-3722,goldie.schirpke@yahoo.com
Loreta,Timenez,301-696-6420,301-392-6698,loreta.timenez@hotmail.com
Fabiola,Hauenstein,717-809-3119,717-344-2804,fabiola.hauenstein@hauenstein.org
Amie,Perigo,972-419-7946,972-898-1033,amie.perigo@yahoo.com
Raina,Brachle,406-318-1515,406-374-7752,raina.brachle@brachle.org
Erinn,Canlas,973-767-3008,973-563-9502,erinn.canlas@canlas.com
Cherry,Lietz,248-980-6904,248-697-7722,cherry@lietz.com
Kattie,Vonasek,216-923-3715,216-270-9653,kattie@vonasek.org
Lilli,Scriven,325-631-1560,325-667-7868,lilli@aol.com
Whitley,Tomasulo,817-526-4408,817-819-7799,whitley.tomasulo@aol.com
Barbra,Adkin,718-201-3751,718-732-9475,badkin@hotmail.com
Hermila,Thyberg,401-893-4882,401-885-7681,hermila_thyberg@hotmail.com
Jesusita,Flister,717-885-9118,717-686-7564,jesusita.flister@hotmail.com
Caitlin,Julia,401-948-4982,401-552-9059,caitlin.julia@julia.org
Roosevelt,Hoffis,305-622-4739,305-302-1135,roosevelt.hoffis@aol.com
Helaine,Halter,201-832-4168,201-412-3040,hhalter@yahoo.com
Lorean,Martabano,210-856-4979,210-634-2447,lorean.martabano@hotmail.com
France,Buzick,718-478-8504,718-853-3740,france.buzick@yahoo.com
Justine,Ferrario,909-993-3242,909-631-5703,jferrario@hotmail.com
Adelina,Nabours,216-230-4892,216-937-5320,adelina_nabours@gmail.com
Derick,Dhamer,212-304-4515,212-225-9676,ddhamer@cox.net
Jerry,Dallen,804-762-9576,804-808-9574,jerry.dallen@yahoo.com
Leota,Ragel,706-221-4243,706-616-5131,leota.ragel@gmail.com
Jutta,Amyot,337-515-1438,337-991-8070,jamyot@hotmail.com
Aja,Gehrett,973-544-2677,973-986-4456,aja_gehrett@hotmail.com
Kirk,Herritt,607-407-3716,607-350-7690,kirk.herritt@aol.com
Leonora,Mauson,973-412-2995,973-355-2120,leonora@yahoo.com
Winfred,Brucato,208-252-4552,208-793-4108,winfred_brucato@hotmail.com
Tarra,Nachor,415-411-1775,415-284-2730,tarra.nachor@cox.net
Corinne,Loder,508-942-4186,508-618-7826,corinne@loder.org
Dulce,Labreche,248-357-8718,248-811-5696,dulce_labreche@yahoo.com
Kate,Keneipp,920-353-6377,920-355-1610,kate_keneipp@yahoo.com
Kaitlyn,Ogg,410-665-4903,410-773-3862,kaitlyn.ogg@gmail.com
Sherita,Saras,719-669-1664,719-547-9543,sherita.saras@cox.net
Lashawnda,Stuer,419-588-8719,419-399-1744,lstuer@cox.net
Ernest,Syrop,301-998-9644,301-257-4883,ernest@cox.net
Nobuko,Halsey,508-855-9887,508-897-7916,nobuko.halsey@yahoo.com
Lavonna,Wolny,703-483-1970,703-892-2914,lavonna.wolny@hotmail.com
Lashaunda,Lizama,410-678-2473,410-912-6032,llizama@cox.net
Mariann,Bilden,512-223-4791,512-742-1149,mariann.bilden@aol.com
Helene,Rodenberger,623-461-8551,623-426-4907,helene@aol.com
Roselle,Estell,419-571-5920,419-488-6648,roselle.estell@hotmail.com
Samira,Heintzman,206-311-4137,206-923-6042,sheintzman@hotmail.com
Margart,Meisel,513-617-2362,513-747-9603,margart_meisel@yahoo.com
Kristofer,Bennick,812-368-1511,812-442-8544,kristofer.bennick@yahoo.com
Weldon,Acuff,847-353-2156,847-613-5866,wacuff@gmail.com
Shalon,Shadrick,718-232-2337,718-394-4974,shalon@cox.net
Denise,Patak,407-446-4358,407-808-3254,denise@patak.org
Louvenia,Beech,310-820-2117,310-652-2379,louvenia.beech@beech.com
Audry,Yaw,813-797-4816,813-744-7100,audry.yaw@yaw.org
Kristel,Ehmann,915-452-1290,915-300-6100,kristel.ehmann@aol.com
Vincenza,Zepp,619-603-5125,619-935-6661,vzepp@gmail.com
Elouise,Gwalthney,301-841-5012,301-591-3034,egwalthney@yahoo.com
Venita,Maillard,714-523-6653,714-663-9740,venita_maillard@gmail.com
Kasandra,Semidey,314-732-9131,314-697-3652,kasandra_semidey@semidey.com
Xochitl,Discipio,512-233-1831,512-942-3411,xdiscipio@gmail.com
Maile,Linahan,336-670-2640,336-364-6037,mlinahan@yahoo.com
Krissy,Rauser,631-443-4710,631-288-2866,krauser@cox.net
Pete,Dubaldi,201-825-2514,201-749-8866,pdubaldi@hotmail.com
Linn,Paa,901-412-4381,901-573-9024,linn_paa@paa.com
Paris,Wide,404-505-4445,404-607-8435,paris@hotmail.com
Wynell,Dorshorst,650-473-1262,650-749-9879,wynell_dorshorst@dorshorst.org
Quentin,Birkner,952-702-7993,952-314-5871,qbirkner@aol.com
Regenia,Kannady,480-726-1280,480-205-5121,regenia.kannady@cox.net
Sheron,Louissant,718-976-8610,718-613-9994,sheron@aol.com
Izetta,Funnell,770-844-3447,770-584-4119,izetta.funnell@hotmail.com
Rodolfo,Butzen,507-210-3510,507-590-5237,rodolfo@hotmail.com
Zona,Colla,203-461-1949,203-938-2557,zona@hotmail.com
Serina,Zagen,260-273-3725,260-382-4869,szagen@aol.com
Paz,Sahagun,601-927-8287,601-249-4511,paz_sahagun@cox.net
Markus,Lukasik,586-970-7380,586-247-1614,markus@yahoo.com
Jaclyn,Bachman,719-853-3600,719-223-2074,jaclyn@aol.com
Cyril,Daufeldt,212-745-8484,212-422-5427,cyril_daufeldt@daufeldt.com
Gayla,Schnitzler,510-686-3407,510-441-4055,gschnitzler@gmail.com
Erick,Nievas,773-704-9903,773-359-6109,erick_nievas@aol.com
Jennie,Drymon,570-218-4831,570-868-8688,jennie@cox.net
Mitsue,Scipione,530-986-9272,530-399-3254,mscipione@scipione.com
Ciara,Ventura,845-823-8877,845-694-7919,cventura@yahoo.com
Galen,Cantres,216-600-6111,216-871-6876,galen@yahoo.com
Truman,Feichtner,973-852-2736,973-473-5108,tfeichtner@yahoo.com
Gail,Kitty,907-435-9166,907-770-3542,gail@kitty.com
Dalene,Schoeneck,215-268-1275,215-380-8820,dalene@schoeneck.org
Gertude,Witten,513-977-7043,513-863-9471,gertude.witten@gmail.com
Lizbeth,Kohl,310-699-1222,310-955-5788,lizbeth@yahoo.com
Glenn,Berray,515-370-7348,515-372-1738,gberray@gmail.com
Lashandra,Klang,610-809-1818,610-378-7332,lashandra@yahoo.com
Lenna,Newville,919-623-2524,919-254-5987,lnewville@newville.com
Laurel,Pagliuca,509-695-5199,509-595-6485,laurel@yahoo.com
Mireya,Frerking,914-868-5965,914-883-3061,mireya.frerking@hotmail.com
Annelle,Tagala,410-757-1035,410-234-2267,annelle@yahoo.com
Dean,Ketelsen,516-847-4418,516-732-6649,dean_ketelsen@gmail.com
Levi,Munis,508-456-4907,508-658-7802,levi.munis@gmail.com
Sylvie,Ryser,918-644-9555,918-565-1706,sylvie@aol.com
Sharee,Maile,231-467-9978,231-265-6940,sharee_maile@aol.com
Cordelia,Storment,337-566-6001,337-255-3427,cordelia_storment@aol.com
Mollie,Mcdoniel,419-975-3182,419-417-4674,mollie_mcdoniel@yahoo.com
Brett,Mccullan,619-461-9984,619-727-3892,brett.mccullan@mccullan.com
Teddy,Pedrozo,203-892-3863,203-918-3939,teddy_pedrozo@aol.com
Tasia,Andreason,201-920-9002,201-969-7063,tasia_andreason@yahoo.com
Hubert,Walthall,330-903-1345,330-566-8898,hubert@walthall.org
Arthur,Farrow,201-238-5688,201-772-4377,arthur.farrow@yahoo.com
Vilma,Berlanga,616-737-3085,616-568-4113,vberlanga@berlanga.com
Billye,Miro,601-567-5386,601-637-5479,billye_miro@cox.net
Glenna,Slayton,901-640-9178,901-869-4314,glenna_slayton@cox.net
Mitzie,Hudnall,303-402-1940,303-997-7760,mitzie_hudnall@yahoo.com
Bernardine,Rodefer,901-901-4726,901-739-5892,bernardine_rodefer@yahoo.com
Staci,Schmaltz,626-866-2339,626-293-7678,staci_schmaltz@aol.com
Nichelle,Meteer,773-225-9985,773-857-2231,nichelle_meteer@meteer.com
Janine,Rhoden,718-228-5894,718-728-5051,jrhoden@yahoo.com
Ettie,Hoopengardner,509-755-5393,509-847-3352,ettie.hoopengardner@hotmail.com
Eden,Jayson,410-890-7866,410-429-4888,eden_jayson@yahoo.com
Lynelle,Auber,973-860-8610,973-605-6492,lynelle_auber@gmail.com
Merissa,Tomblin,562-579-6900,562-719-7922,merissa.tomblin@gmail.com
Golda,Kaniecki,732-628-9909,732-617-5310,golda_kaniecki@yahoo.com
Catarina,Gleich,973-210-3994,973-491-8723,catarina_gleich@hotmail.com
Virgie,Kiel,303-776-7548,303-845-5408,vkiel@hotmail.com
Jolene,Ostolaza,757-682-7116,757-940-1741,jolene@yahoo.com
Keneth,Borgman,602-919-4211,602-442-3092,keneth@yahoo.com
Rikki,Nayar,305-968-9487,305-978-2069,rikki@nayar.com
Elke,Sengbusch,602-896-2993,602-575-3457,elke_sengbusch@yahoo.com
Hoa,Sarao,386-526-7800,386-599-7296,hoa@sarao.org
Trinidad,Mcrae,415-331-9634,415-419-1597,trinidad_mcrae@yahoo.com
Mari,Lueckenbach,858-793-9684,858-228-5683,mari_lueckenbach@yahoo.com
Selma,Husser,201-991-8369,201-772-7699,selma.husser@cox.net
Antione,Onofrio,909-430-7765,909-665-3223,aonofrio@onofrio.com
Luisa,Jurney,617-365-2134,617-544-2541,ljurney@hotmail.com
Clorinda,Heimann,760-291-5497,760-261-4786,clorinda.heimann@hotmail.com
Dick,Wenzinger,310-510-9713,310-936-2258,dick@yahoo.com
Ahmed,Angalich,717-528-8996,717-632-5831,ahmed.angalich@angalich.com
Iluminada,Ohms,480-293-2882,480-866-6544,iluminada.ohms@yahoo.com
Joanna,Leinenbach,561-470-4574,561-951-9734,joanna_leinenbach@hotmail.com
Caprice,Suell,615-246-1824,615-726-4537,caprice@aol.com
Stephane,Myricks,859-717-7638,859-308-4286,stephane_myricks@cox.net
Quentin,Swayze,734-561-6170,734-851-8571,quentin_swayze@yahoo.com
Annmarie,Castros,936-751-7961,936-937-2334,annmarie_castros@gmail.com
Shonda,Greenbush,973-482-2430,973-644-2974,shonda_greenbush@cox.net
Cecil,Lapage,201-693-3967,201-856-2720,clapage@lapage.com
Jeanice,Claucherty,305-988-4162,305-306-7834,jeanice.claucherty@yahoo.com
Josphine,Villanueva,931-553-9774,931-486-6946,josphine_villanueva@villanueva.com
Daniel,Perruzza,714-771-3880,714-531-1391,dperruzza@perruzza.com
Cassi,Wildfong,847-633-3216,847-755-9041,cassi.wildfong@aol.com
Britt,Galam,215-888-3304,215-351-8523,britt@galam.org
Adell,Lipkin,973-654-1561,973-662-8988,adell.lipkin@lipkin.com
Jacqueline,Rowling,814-865-8113,814-481-1700,jacqueline.rowling@yahoo.com
Lonny,Weglarz,801-293-9853,801-892-8781,lonny_weglarz@gmail.com
Lonna,Diestel,910-922-3672,910-200-7912,lonna_diestel@gmail.com
Cristal,Samara,213-975-8026,213-696-8004,cristal@cox.net
Kenneth,Grenet,517-499-2322,517-867-8077,kenneth.grenet@grenet.org
Elli,Mclaird,315-818-2638,315-474-5570,emclaird@mclaird.com
Alline,Jeanty,574-656-2800,574-405-1983,ajeanty@gmail.com
Sharika,Eanes,407-312-1691,407-472-1332,sharika.eanes@aol.com
Nu,Mcnease,973-751-9003,973-903-4175,nu@gmail.com
Daniela,Comnick,609-200-8577,609-398-2805,dcomnick@cox.net
Cecilia,Colaizzo,608-382-4541,608-302-3387,cecilia_colaizzo@colaizzo.com
Leslie,Threets,914-861-9748,914-396-2615,leslie@cox.net
Nan,Koppinger,336-370-5333,336-564-1492,nan@koppinger.com
Izetta,Dewar,410-473-1708,410-522-7621,idewar@dewar.com
Tegan,Arceo,732-730-2692,732-705-6719,tegan.arceo@arceo.org
Ruthann,Keener,830-258-2769,830-919-5991,ruthann@hotmail.com
Joni,Breland,847-519-5906,847-740-5304,joni_breland@cox.net
Vi,Rentfro,732-605-4781,732-724-7251,vrentfro@cox.net
Colette,Kardas,402-896-5943,402-707-1602,colette.kardas@yahoo.com
Malcolm,Tromblay,703-221-5602,703-874-4248,malcolm_tromblay@cox.net
Ryan,Harnos,972-558-1665,972-961-4968,ryan@cox.net
Jess,Chaffins,212-510-4633,212-428-9538,jess.chaffins@chaffins.org
Sharen,Bourbon,516-816-1541,516-749-3188,sbourbon@yahoo.com
Nickolas,Juvera,352-598-8301,352-947-6152,nickolas_juvera@cox.net
Gary,Nunlee,317-542-6023,317-887-8486,gary_nunlee@nunlee.org
Diane,Devreese,816-557-9673,816-329-5565,diane@cox.net
Roslyn,Chavous,601-234-9632,601-973-5754,roslyn.chavous@chavous.org
Glory,Schieler,325-869-2649,325-740-3778,glory@yahoo.com
Rasheeda,Sayaphon,408-805-4309,408-997-7490,rasheeda@aol.com
Alpha,Palaia,856-312-2629,856-513-7024,alpha@yahoo.com
Refugia,Jacobos,510-974-8671,510-509-3496,refugia.jacobos@jacobos.com
Shawnda,Yori,407-538-5106,407-564-8113,shawnda.yori@yahoo.com
Mona,Delasancha,307-403-1488,307-816-7115,mdelasancha@hotmail.com
Gilma,Liukko,516-393-9967,516-407-9573,gilma_liukko@gmail.com
Janey,Gabisi,608-967-7194,608-586-6912,jgabisi@hotmail.com
Lili,Paskin,201-431-2989,201-478-8540,lili.paskin@cox.net
Loren,Asar,570-648-3035,570-569-2356,loren.asar@aol.com
Dorothy,Chesterfield,858-617-7834,858-732-1884,dorothy@cox.net
Gail,Similton,760-616-5388,760-493-9208,gail_similton@similton.com
Catalina,Tillotson,609-373-3332,609-826-4990,catalina@hotmail.com
Lawrence,Lorens,401-465-6432,401-893-1820,lawrence.lorens@hotmail.com
Carlee,Boulter,785-347-1805,785-253-7049,carlee.boulter@hotmail.com
Thaddeus,Ankeny,916-920-3571,916-459-2433,tankeny@ankeny.org
Jovita,Oles,386-248-4118,386-208-6976,joles@gmail.com
Alesia,Hixenbaugh,202-646-7516,202-276-6826,alesia_hixenbaugh@hixenbaugh.org
Lai,Harabedian,415-423-3294,415-926-6089,lai@gmail.com
Brittni,Gillaspie,208-709-1235,208-206-9848,bgillaspie@gillaspie.com
Raylene,Kampa,574-499-1454,574-330-1884,rkampa@kampa.org
Flo,Bookamer,308-726-2182,308-250-6987,flo.bookamer@cox.net
Jani,Biddy,206-711-6498,206-395-6284,jbiddy@yahoo.com
Chauncey,Motley,407-413-4842,407-557-8857,chauncey_motley@aol.com
