RAZVDGAD,James,Butt,504-621-8927,504-845-1427,jbutt@gmail.com
OMZVCNUI,Josephine,Darakjy,810-292-9388,810-374-9840,josephine_darakjy@darakjy.org
VJUPXEVZ,Art,Venere,856-636-8749,856-264-4130,art@venere.org
ZKQUYQZQ,Lenna,Paprocki,907-385-4412,907-921-2010,lpaprocki@hotmail.com
PHDXHXYH,Donette,Foller,513-570-1893,513-549-4561,donette.foller@cox.net
LCWTTIUF,Simona,Morasca,419-503-2484,419-800-6759,simona@morasca.com
XENTAJND,Mitsue,Tollner,773-573-6914,773-924-8565,mitsue_tollner@yahoo.com
WDRGNOZE,Leota,Dilliard,408-752-3500,408-813-1105,leota@hotmail.com
ZSZGBGFT,Sage,Wieser,605-414-2147,605-794-4895,sage_wieser@cox.net
PFFJNLSM,Tobin,,,,
